company,ADDRESS
BORDEAUX SELF-STOCKAGE,15 R FRANCIS GARNIER 33300 BORDEAUX FRANCE
CHALLENGE INTERNATIONAL,23 BOUCLE DE LA RAMEE 38070 SAINT QUENTIN FALLAVIER FRANCE
PROMARITIME INTERNATIONAL,7 BD MAL DE LATTRE DE TASSIGNY 81200 MAZAMET FRANCE
SFTGF S.F.T GONDRAND FRERES,PARC ACTIVITES LES VALLEES ZA 45770 SARAN FRANCE
EURL TAXI FATI,33 RTE DE BEHOBIE RES LES CHENES BAT B 64700 HENDAYE FRANCE
SAINT GOBAIN GLASS FRANCE,11 BD DE LA REPUBLIQUE 59580 EMERCHICOURT FRANCE
T.F.T. TRANSPORTS,5 RUE PAVLOV ZAI DES BRUYERES 78190 TRAPPES FRANCE
SOMATRANS,BD L ILE AUX OISEAUX RVSL 76530 GRAND COURONNE FRANCE
ZIEGLER FRANCE SA ZIEGLER FRANCE S A,AEROPORT NIMES ARLES CAMAR 30128 GARONS FRANCE
SFTGF S.F.T GONDRAND FRERES,6 B AV DE L EUROPE 59223 RONCQ FRANCE